2026-05-02 16:29:38,START,CONSENT_DENIED
2026-05-02 16:31:22,START,CONSENT_DENIED
2026-05-02 16:31:55,Q1_SAFETY,COMPLETED
2026-05-02 16:32:01,Q2_WATER,COMPLETED
2026-05-02 16:34:29,START,CONSENT_DENIED
2026-05-12 17:01:51,START,CONSENT_DENIED
2026-05-12 17:11:04,START,CONSENT_DENIED
2026-05-12 17:38:52,START,CONSENT_DENIED
2026-05-12 17:41:19,START,CONSENT_DENIED
2026-05-12 17:42:39,Q1_SAFETY,COMPLETED
2026-05-12 17:42:55,Q2_WATER,COMPLETED
2026-05-16 18:41:37,Q1_SAFETY,LATENCY_4.36S
2026-05-16 18:41:37,Q1_SAFETY,COMPLETED
2026-05-16 18:41:52,Q2_WATER,LATENCY_1.48S
2026-05-16 18:41:52,Q2_WATER,USER_EXPLICIT_SKIP
